header,subject,body,image
"RO Antiscalant คืออะไร","สารป้องกันตะกรันในระบบ Reverse Osmosis","RO Antiscalant คือสารเคมีที่ช่วยยับยั้งการตกผลึกของแร่ธาตุบนผิวเมมเบรน เช่น Calcium Carbonate และ Sulfate Scale

การเลือกสูตรและอัตราการใช้ควรอ้างอิงคุณภาพน้ำจริง เพื่อช่วยลดความถี่ในการล้างเมมเบรนและรักษาเสถียรภาพของระบบ RO",/assets/knowledge-ro.png
"Boiler Water Treatment สำคัญอย่างไร","การควบคุมตะกรัน สนิม และออกซิเจนในหม้อไอน้ำ","Boiler Chemical ช่วยควบคุมตะกรัน การกัดกร่อน และออกซิเจนละลายในระบบไอน้ำ

เมื่อระบบ Boiler มีการดูแลน้ำอย่างเหมาะสม การถ่ายเทความร้อนจะดีขึ้น ลดความเสี่ยงของการหยุดเดินระบบ และช่วยควบคุมต้นทุนพลังงานในโรงงาน",/assets/knowledge-boiler.png
"Cooling Tower Biofilm คืออะไร","Biofilm ลดประสิทธิภาพการแลกเปลี่ยนความร้อนของระบบหล่อเย็น","Biofilm คือชั้นจุลินทรีย์ที่เกาะบนพื้นผิวในระบบน้ำหล่อเย็น ทำให้เกิด Fouling และทำให้ระบบใช้พลังงานมากขึ้น

การใช้ Biocide และ Dispersant ที่เหมาะสมช่วยควบคุมจุลินทรีย์ สาหร่าย และตะกอนสะสมใน Cooling Tower ได้",/assets/knowledge-cooling.png
"Chemical for Water & Wastewater Clarify","การเลือก Coagulant ควรทดสอบกับน้ำจริงก่อนใช้งาน","การทำให้น้ำดีหรือน้ำเสียใสขึ้นต้องดูคุณภาพน้ำจริง เช่น ความขุ่น สี อิมัลชัน น้ำมัน ไขมัน และตะกอนแขวนลอย

กรณีพื้นฐานสามารถใช้ค่าความขุ่นเป็นแนวทางตั้งต้น แต่กรณีซับซ้อนควรทำ Jar Test เพื่อเลือกชนิดและอัตราการใช้สารที่เหมาะสม",/assets/knowledge-wastewater.png
